<?xml version="1.0" encoding="UTF-8"?>

<!DOCTYPE hibernate-mapping PUBLIC
          "-//Hibernate/Hibernate Mapping DTD 3.0//EN"
          "http://hibernate.sourceforge.net/hibernate-mapping-3.0.dtd">

<hibernate-mapping>
   <class name="entities.AccountDetails" table="ACCOUNT_DETAILS">
      <id name="accNo" type="int" column="ACCOUNT_NO">
         <generator class="increment" />
      </id>

	<property name="custId" type="int">
		<column name="CUST_ID" />
	</property>
	<property name="branch">
		<column name="BRANCH" />
	</property>
	<property name="balance" type="float">
		<column name="BALANCE" />
	</property>
	<property name="accType">
		<column name="ACCOUNT_TYPE" />
	</property>
	<property name="accOpeningDate">
		<column name="ACC_OPENING_DATE" />
	</property>
	<property name="ifsc">
		<column name="IFSC" />
	</property>
	
   </class>

</hibernate-mapping>
