<?xml version="1.0" encoding="UTF-8"?>

<!DOCTYPE hibernate-mapping PUBLIC
          "-//Hibernate/Hibernate Mapping DTD 3.0//EN"
          "http://hibernate.sourceforge.net/hibernate-mapping-3.0.dtd">

<hibernate-mapping>
   <class name="entities.CustomerAddress" table="CUSTOMER_ADDRESS">
      <id name="custId" type="int" column="CUST_ID">
         <generator class="assigned" />
      </id>

	<property name="line1">
		<column name="LINE1" />
	</property>
	<property name="line2">
		<column name="LINE2" />
	</property>
	<property name="city">
		<column name="CITY" />
	</property>
	<property name="state">
		<column name="STATE" />
	</property>
	<property name="country">
		<column name="COUNTRY" />
	</property>
	<property name="pincode">
		<column name="PINCODE" />
	</property>
   </class>

</hibernate-mapping>
