<?xml version="1.0" encoding="UTF-8"?>
<beans xmlns="http://www.springframework.org/schema/beans"
	xmlns:xsi="http://www.w3.org/2001/XMLSchema-instance"
	xmlns:util="http://www.springframework.org/schema/util"
	xmlns:tx="http://www.springframework.org/schema/tx"
	xmlns:context="http://www.springframework.org/schema/context"
	xsi:schemaLocation="http://www.springframework.org/schema/beans 
			http://www.springframework.org/schema/beans/spring-beans.xsd
		http://www.springframework.org/schema/context 
			http://www.springframework.org/schema/context/spring-context-4.0.xsd
		http://www.springframework.org/schema/util 
			http://www.springframework.org/schema/util/spring-util-4.0.xsd 
		http://www.springframework.org/schema/tx    
			http://www.springframework.org/schema/tx/spring-tx-3.0.xsd">
		
<context:component-scan base-package="daos, services,implementations"/>

	<bean id="sessionFactory" class="org.springframework.orm.hibernate4.LocalSessionFactoryBean">
		<property name="dataSource" ref ="ds"/>
		<property name="hibernateProperties">
			<value>
				hibernate.dialect=org.hibernate.dialect.OracleDialect
				hibernate.show_sql=true
				hibernate.default_schema=hr
			</value>
		</property>
		<property name="mappingResources">
		<list>
			<value>entities/AccountDetails.hbm.xml</value>
			<value>entities/AuthenticationDetails.hbm.xml</value>
			<value>entities/BenificiaryDetails.hbm.xml</value>
			<value>entities/CustomerAddress.hbm.xml</value>
			<value>entities/CustomerDetails.hbm.xml</value>
			<value>entities/IfscCodes.hbm.xml</value>
			<value>entities/TransactionDetails.hbm.xml</value>
			<value>entities/ValidationDetails.hbm.xml</value>
		</list>
		</property>
		<!-- <property name="annotatedClasses">
			<list>
				<value>entities.TransactionDetails</value>
				<value>entities.AccountDetails</value>
				<value>com.lnt.hr.entities.Dept</value>
			</list>
		</property> -->
        	
	</bean>
	
	<bean id = "ds" class = "org.springframework.jdbc.datasource.DriverManagerDataSource">
			<property name = "driverClassName" value = "oracle.jdbc.OracleDriver"></property>
			<property name = "username" value = "system"></property>
			<property name = "password" value = "123456"></property>
			<property name = "url" value = "jdbc:oracle:thin:@localhost:1521:XE"></property>
			
	</bean>
	
	<bean id="txManager" class="org.springframework.orm.hibernate4.HibernateTransactionManager">
		<property name="sessionFactory" ref="sessionFactory" />
	</bean>
	 
	<tx:annotation-driven transaction-manager="txManager" />
	

</beans>